Image_0000.png,0.0
Image_0001.png,1.0
Image_0002.png,3.0
Image_0003.png,4.0
Image_0004.png,3.0
Image_0005.png,26.0
Image_0006.png,7.0
Image_0007.png,5.0
Image_0008.png,3.0
Image_0009.png,3.0
Image_0010.png,3.0
Image_0011.png,3.0
Image_0012.png,3.0
Image_0013.png,4.0
Image_0014.png,1.0
Image_0015.png,4.0
Image_0016.png,3.0
Image_0017.png,1.0
Image_0018.png,2.0
Image_0019.png,1.0
Image_0020.png,3.0
Image_0021.png,1.0
Image_0022.png,4.0
Image_0023.png,3.0
Image_0024.png,1.0
Image_0025.png,2.0
Image_0026.png,4.0
Image_0027.png,3.0
Image_0028.png,3.0
Image_0029.png,2.0
Image_0030.png,2.0
Image_0031.png,3.0
Image_0032.png,1.0
Image_0033.png,3.0
Image_0034.png,1.0
Image_0035.png,1.0
Image_0036.png,3.0
Image_0037.png,1.0
Image_0038.png,4.0
Image_0039.png,3.0
Image_0040.png,2.0
Image_0041.png,3.0
Image_0042.png,1.0
Image_0043.png,1.0
Image_0044.png,1.0
Image_0045.png,1.0
Image_0046.png,2.0
Image_0047.png,4.0
Image_0048.png,4.0
Image_0049.png,3.0
Image_0050.png,1.0
Image_0051.png,1.0
Image_0052.png,4.0
Image_0053.png,3.0
Image_0054.png,1.0
Image_0055.png,2.0
Image_0056.png,2.0
Image_0057.png,3.0
Image_0058.png,2.0
Image_0059.png,1.0
Image_0060.png,3.0
Image_0061.png,3.0
Image_0062.png,4.0
Image_0063.png,4.0
Image_0064.png,1.0
Image_0065.png,5.0
Image_0066.png,4.0
Image_0067.png,5.0
Image_0068.png,6.0
Image_0069.png,4.0
Image_0070.png,3.0
Image_0071.png,4.0
Image_0072.png,4.0
Image_0073.png,3.0
Image_0074.png,2.0
Image_0075.png,1.0
Image_0076.png,2.0
Image_0077.png,2.0
Image_0078.png,4.0
Image_0079.png,1.0
Image_0080.png,3.0
Image_0081.png,3.0
Image_0082.png,4.0
Image_0083.png,4.0
Image_0084.png,1.0
Image_0085.png,1.0
Image_0086.png,3.0
Image_0087.png,1.0
Image_0088.png,2.0
Image_0089.png,3.0
Image_0090.png,3.0
Image_0091.png,4.0
Image_0092.png,3.0
Image_0093.png,4.0
Image_0094.png,2.0
Image_0095.png,4.0
Image_0096.png,1.0
Image_0097.png,4.0
Image_0098.png,4.0
Image_0099.png,3.0
Image_0100.png,3.0
Image_0101.png,3.0
Image_0102.png,4.0
Image_0103.png,4.0
Image_0104.png,2.0
Image_0105.png,3.0
Image_0106.png,4.0
Image_0107.png,2.0
Image_0108.png,1.0
Image_0109.png,3.0
Image_0110.png,4.0
Image_0111.png,4.0
Image_0112.png,3.0
Image_0113.png,1.0
Image_0114.png,2.0
Image_0115.png,4.0
Image_0116.png,2.0
Image_0117.png,2.0
Image_0118.png,5.0
Image_0119.png,4.0
Image_0120.png,44.0
Image_0121.png,46.0
Image_0122.png,46.0
Image_0123.png,47.0
Image_0124.png,47.0
Image_0125.png,50.0
Image_0126.png,60.0
Image_0127.png,80.0
Image_0128.png,85.0
Image_0129.png,89.0
Image_0130.png,88.0
Image_0131.png,21.0
Image_0132.png,28.0
Image_0133.png,37.0
Image_0134.png,43.0
Image_0135.png,54.0
Image_0136.png,70.0
Image_0137.png,64.0
Image_0138.png,64.0
Image_0139.png,60.0
Image_0140.png,51.0
Image_0141.png,48.0
Image_0142.png,59.0
Image_0143.png,65.0
Image_0144.png,60.0
Image_0145.png,56.0
Image_0146.png,61.0
Image_0147.png,61.0
Image_0148.png,63.0
Image_0149.png,57.0
Image_0150.png,59.0
Image_0151.png,61.0
Image_0152.png,67.0
Image_0153.png,66.0
Image_0154.png,65.0
Image_0155.png,59.0
Image_0156.png,60.0
Image_0157.png,62.0
Image_0158.png,72.0
Image_0159.png,70.0
Image_0160.png,75.0
Image_0161.png,79.0
Image_0162.png,83.0
Image_0163.png,85.0
Image_0164.png,88.0
Image_0165.png,92.0
Image_0166.png,91.0
Image_0167.png,18.0
Image_0168.png,15.0
Image_0169.png,9.0
Image_0170.png,9.0
Image_0171.png,15.0
Image_0172.png,22.0
Image_0173.png,25.0
Image_0174.png,23.0
Image_0175.png,25.0
Image_0176.png,24.0
Image_0177.png,24.0
Image_0178.png,26.0
Image_0179.png,25.0
Image_0180.png,23.0
Image_0181.png,25.0
Image_0182.png,24.0
Image_0183.png,23.0
Image_0184.png,5.0
Image_0185.png,34.0
Image_0186.png,64.0
Image_0187.png,74.0
Image_0188.png,84.0
Image_0189.png,85.0
Image_0190.png,91.0
Image_0191.png,91.0
Image_0192.png,96.0
Image_0193.png,96.0
Image_0194.png,93.0
Image_0195.png,90.0
Image_0196.png,85.0
Image_0197.png,81.0
Image_0198.png,83.0
Image_0199.png,85.0
Image_0200.png,80.0
Image_0201.png,76.0
Image_0202.png,78.0
Image_0203.png,84.0
Image_0204.png,87.0
Image_0205.png,87.0
Image_0206.png,86.0
Image_0207.png,85.0
Image_0208.png,86.0
Image_0209.png,94.0
Image_0210.png,88.0
Image_0211.png,2.0
Image_0212.png,4.0
Image_0213.png,5.0
Image_0214.png,3.0
Image_0215.png,2.0
Image_0216.png,2.0
Image_0217.png,1.0
Image_0218.png,6.0
Image_0219.png,11.0
Image_0220.png,11.0
Image_0221.png,12.0
Image_0222.png,10.0
Image_0223.png,10.0
Image_0224.png,13.0
Image_0225.png,14.0
Image_0226.png,16.0
Image_0227.png,18.0
Image_0228.png,14.0
Image_0229.png,13.0
Image_0230.png,13.0
Image_0231.png,15.0
Image_0232.png,16.0
Image_0233.png,16.0
Image_0234.png,16.0
Image_0235.png,16.0
Image_0236.png,18.0
Image_0237.png,16.0
Image_0238.png,18.0
Image_0239.png,17.0
Image_0240.png,2.0
Image_0241.png,4.0
Image_0242.png,2.0
Image_0243.png,4.0
Image_0244.png,3.0
Image_0245.png,4.0
Image_0246.png,3.0
Image_0247.png,1.0
Image_0248.png,2.0
Image_0249.png,2.0
Image_0250.png,1.0
Image_0251.png,1.0
Image_0252.png,2.0
Image_0253.png,3.0
Image_0254.png,5.0
Image_0255.png,2.0
Image_0256.png,6.0
Image_0257.png,4.0
Image_0258.png,3.0
Image_0259.png,4.0
Image_0260.png,1.0
Image_0261.png,1.0
Image_0262.png,3.0
Image_0263.png,2.0
Image_0264.png,5.0
Image_0265.png,3.0
Image_0266.png,4.0
Image_0267.png,2.0
Image_0268.png,1.0
Image_0269.png,3.0
Image_0270.png,4.0
Image_0271.png,3.0
Image_0272.png,4.0
Image_0273.png,4.0
Image_0274.png,4.0
Image_0275.png,10.0
Image_0276.png,9.0
Image_0277.png,12.0
Image_0278.png,14.0
Image_0279.png,14.0
Image_0280.png,9.0
Image_0281.png,6.0
Image_0282.png,2.0
Image_0283.png,4.0
Image_0284.png,7.0
Image_0285.png,7.0
Image_0286.png,7.0
Image_0287.png,8.0
Image_0288.png,7.0
Image_0289.png,9.0
Image_0290.png,3.0
Image_0291.png,4.0
Image_0292.png,4.0
Image_0293.png,5.0
Image_0294.png,4.0
Image_0295.png,4.0
Image_0296.png,9.0
Image_0297.png,18.0
Image_0298.png,18.0
Image_0299.png,18.0
Image_0300.png,14.0
Image_0301.png,16.0
Image_0302.png,10.0
Image_0303.png,6.0
Image_0304.png,5.0
Image_0305.png,3.0
Image_0306.png,3.0
Image_0307.png,3.0
Image_0308.png,3.0
Image_0309.png,4.0
Image_0310.png,5.0
Image_0311.png,2.0
Image_0312.png,5.0
Image_0313.png,7.0
Image_0314.png,6.0
Image_0315.png,6.0
Image_0316.png,7.0
Image_0317.png,6.0
Image_0318.png,8.0
Image_0319.png,14.0
Image_0320.png,10.0
Image_0321.png,10.0
Image_0322.png,12.0
Image_0323.png,13.0
Image_0324.png,10.0
Image_0325.png,13.0
Image_0326.png,7.0
Image_0327.png,7.0
Image_0328.png,8.0
Image_0329.png,8.0
Image_0330.png,8.0
Image_0331.png,6.0
Image_0332.png,7.0
Image_0333.png,7.0
Image_0334.png,7.0
Image_0335.png,7.0
Image_0336.png,6.0
Image_0337.png,10.0
Image_0338.png,18.0
Image_0339.png,20.0
Image_0340.png,31.0
Image_0341.png,44.0
Image_0342.png,45.0
Image_0343.png,51.0
Image_0344.png,76.0
Image_0345.png,80.0
Image_0346.png,75.0
Image_0347.png,88.0
Image_0348.png,93.0
Image_0349.png,93.0
Image_0350.png,95.0
Image_0351.png,91.0
Image_0352.png,89.0
Image_0353.png,88.0
Image_0354.png,98.0
Image_0355.png,87.0
Image_0356.png,81.0
Image_0357.png,80.0
Image_0358.png,84.0
Image_0359.png,8.0
Image_0360.png,4.0
Image_0361.png,4.0
Image_0362.png,4.0
Image_0363.png,7.0
Image_0364.png,8.0
Image_0365.png,7.0
Image_0366.png,12.0
Image_0367.png,20.0
Image_0368.png,19.0
Image_0369.png,11.0
Image_0370.png,11.0
Image_0371.png,10.0
Image_0372.png,9.0
Image_0373.png,8.0
Image_0374.png,8.0
Image_0375.png,9.0
Image_0376.png,15.0
Image_0377.png,19.0
Image_0378.png,9.0
Image_0379.png,10.0
Image_0380.png,8.0
Image_0381.png,10.0
Image_0382.png,11.0
Image_0383.png,12.0
Image_0384.png,15.0
Image_0385.png,20.0
Image_0386.png,27.0
Image_0387.png,31.0
Image_0388.png,38.0
Image_0389.png,38.0
Image_0390.png,38.0
Image_0391.png,37.0
Image_0392.png,56.0
Image_0393.png,69.0
Image_0394.png,74.0
Image_0395.png,82.0
Image_0396.png,82.0
Image_0397.png,69.0
Image_0398.png,54.0
Image_0399.png,1.0
Image_0400.png,2.0
Image_0401.png,3.0
Image_0402.png,2.0
Image_0403.png,4.0
Image_0404.png,2.0
Image_0405.png,4.0
Image_0406.png,3.0
Image_0407.png,2.0
Image_0408.png,2.0
Image_0409.png,4.0
Image_0410.png,7.0
Image_0411.png,9.0
Image_0412.png,9.0
Image_0413.png,11.0
Image_0414.png,9.0
Image_0415.png,9.0
Image_0416.png,10.0
Image_0417.png,10.0
Image_0418.png,11.0
Image_0419.png,42.0
Image_0420.png,47.0
Image_0421.png,53.0
Image_0422.png,53.0
Image_0423.png,52.0
Image_0424.png,53.0
Image_0425.png,62.0
Image_0426.png,64.0
Image_0427.png,74.0
Image_0428.png,81.0
Image_0429.png,79.0
Image_0430.png,78.0
Image_0431.png,75.0
Image_0432.png,77.0
Image_0433.png,90.0
Image_0434.png,90.0
Image_0435.png,91.0
Image_0436.png,93.0
Image_0437.png,86.0
Image_0438.png,82.0
Image_0439.png,81.0
Image_0440.png,39.0
Image_0441.png,29.0
Image_0442.png,16.0
Image_0443.png,9.0
Image_0444.png,13.0
Image_0445.png,12.0
Image_0446.png,17.0
Image_0447.png,15.0
Image_0448.png,15.0
Image_0449.png,21.0
Image_0450.png,29.0
Image_0451.png,31.0
Image_0452.png,30.0
Image_0453.png,33.0
Image_0454.png,30.0
Image_0455.png,29.0
Image_0456.png,30.0
Image_0457.png,29.0
Image_0458.png,28.0
Image_0459.png,34.0
Image_0460.png,33.0
Image_0461.png,37.0
Image_0462.png,37.0
Image_0463.png,32.0
Image_0464.png,23.0
Image_0465.png,22.0
Image_0466.png,30.0
Image_0467.png,29.0
Image_0468.png,26.0
Image_0469.png,34.0
Image_0470.png,29.0
Image_0471.png,28.0
Image_0472.png,31.0
Image_0473.png,18.0
Image_0474.png,19.0
Image_0475.png,14.0
Image_0476.png,5.0
Image_0477.png,9.0
Image_0478.png,16.0
Image_0479.png,17.0
Image_0480.png,15.0
Image_0481.png,15.0
Image_0482.png,11.0
Image_0483.png,10.0
Image_0484.png,16.0
Image_0485.png,16.0
Image_0486.png,8.0
Image_0487.png,13.0
Image_0488.png,12.0
Image_0489.png,18.0
Image_0490.png,20.0
Image_0491.png,22.0
Image_0492.png,23.0
Image_0493.png,28.0
Image_0494.png,24.0
Image_0495.png,23.0
Image_0496.png,25.0
Image_0497.png,34.0
Image_0498.png,34.0
Image_0499.png,45.0
Image_0500.png,42.0
Image_0501.png,43.0
Image_0502.png,57.0
Image_0503.png,58.0
Image_0504.png,49.0
Image_0505.png,43.0
Image_0506.png,43.0
Image_0507.png,46.0
Image_0508.png,53.0
Image_0509.png,56.0
Image_0510.png,6.0
Image_0511.png,7.0
Image_0512.png,12.0
Image_0513.png,10.0
Image_0514.png,13.0
Image_0515.png,15.0
Image_0516.png,19.0
Image_0517.png,18.0
Image_0518.png,16.0
Image_0519.png,10.0
Image_0520.png,14.0
Image_0521.png,19.0
Image_0522.png,22.0
Image_0523.png,22.0
Image_0524.png,21.0
Image_0525.png,21.0
Image_0526.png,20.0
Image_0527.png,21.0
Image_0528.png,22.0
Image_0529.png,21.0
Image_0530.png,28.0
Image_0531.png,17.0
Image_0532.png,24.0
Image_0533.png,16.0
Image_0534.png,18.0
Image_0535.png,17.0
Image_0536.png,17.0
Image_0537.png,13.0
Image_0538.png,14.0
Image_0539.png,1.0
Image_0540.png,1.0
Image_0541.png,2.0
Image_0542.png,1.0
Image_0543.png,4.0
Image_0544.png,3.0
Image_0545.png,3.0
Image_0546.png,3.0
Image_0547.png,8.0
Image_0548.png,10.0
Image_0549.png,11.0
Image_0550.png,16.0
Image_0551.png,17.0
Image_0552.png,15.0
Image_0553.png,15.0
Image_0554.png,19.0
Image_0555.png,21.0
Image_0556.png,25.0
Image_0557.png,27.0
Image_0558.png,30.0
Image_0559.png,32.0
Image_0560.png,31.0
Image_0561.png,37.0
Image_0562.png,6.0
Image_0563.png,11.0
Image_0564.png,15.0
Image_0565.png,19.0
Image_0566.png,21.0
Image_0567.png,22.0
Image_0568.png,25.0
Image_0569.png,27.0
Image_0570.png,29.0
Image_0571.png,30.0
Image_0572.png,33.0
Image_0573.png,42.0
Image_0574.png,42.0
Image_0575.png,42.0
Image_0576.png,43.0
Image_0577.png,44.0
Image_0578.png,47.0
Image_0579.png,61.0
Image_0580.png,75.0
Image_0581.png,75.0
Image_0582.png,83.0
Image_0583.png,87.0
Image_0584.png,91.0
Image_0585.png,87.0
Image_0586.png,83.0
Image_0587.png,81.0
Image_0588.png,5.0
Image_0589.png,2.0
Image_0590.png,6.0
Image_0591.png,3.0
Image_0592.png,8.0
Image_0593.png,9.0
Image_0594.png,15.0
Image_0595.png,21.0
Image_0596.png,27.0
Image_0597.png,25.0
Image_0598.png,20.0
Image_0599.png,25.0
Image_0600.png,17.0
Image_0601.png,21.0
Image_0602.png,32.0
Image_0603.png,24.0
Image_0604.png,11.0
Image_0605.png,9.0
Image_0606.png,9.0
Image_0607.png,5.0
Image_0608.png,5.0
Image_0609.png,3.0
Image_0610.png,7.0
Image_0611.png,5.0
Image_0612.png,5.0
Image_0613.png,5.0
Image_0614.png,2.0
Image_0615.png,7.0
Image_0616.png,10.0
Image_0617.png,10.0
Image_0618.png,5.0
Image_0619.png,5.0
Image_0620.png,2.0
Image_0621.png,4.0
Image_0622.png,5.0
Image_0623.png,5.0
Image_0624.png,6.0
Image_0625.png,7.0
Image_0626.png,6.0
Image_0627.png,8.0
Image_0628.png,10.0
Image_0629.png,9.0
Image_0630.png,7.0
Image_0631.png,5.0
Image_0632.png,4.0
Image_0633.png,4.0
Image_0634.png,4.0
Image_0635.png,4.0
Image_0636.png,7.0
Image_0637.png,8.0
Image_0638.png,9.0
Image_0639.png,6.0
Image_0640.png,8.0
Image_0641.png,10.0
Image_0642.png,10.0
Image_0643.png,13.0
Image_0644.png,9.0
Image_0645.png,7.0
Image_0646.png,5.0
Image_0647.png,7.0
Image_0648.png,7.0
Image_0649.png,8.0
Image_0650.png,6.0
Image_0651.png,5.0
Image_0652.png,9.0
Image_0653.png,6.0
Image_0654.png,10.0
Image_0655.png,7.0
Image_0656.png,8.0
Image_0657.png,10.0
Image_0658.png,7.0
Image_0659.png,14.0
Image_0660.png,15.0
Image_0661.png,17.0
Image_0662.png,23.0
Image_0663.png,25.0
Image_0664.png,30.0
Image_0665.png,32.0
Image_0666.png,36.0
Image_0667.png,42.0
Image_0668.png,47.0
Image_0669.png,41.0
Image_0670.png,34.0
Image_0671.png,30.0
Image_0672.png,35.0
Image_0673.png,44.0
Image_0674.png,55.0
Image_0675.png,45.0
Image_0676.png,41.0
Image_0677.png,28.0
Image_0678.png,36.0
Image_0679.png,52.0
Image_0680.png,56.0
Image_0681.png,56.0
Image_0682.png,51.0
Image_0683.png,64.0
Image_0684.png,70.0
Image_0685.png,62.0
Image_0686.png,12.0
Image_0687.png,13.0
Image_0688.png,14.0
Image_0689.png,23.0
Image_0690.png,27.0
Image_0691.png,46.0
Image_0692.png,55.0
Image_0693.png,54.0
Image_0694.png,65.0
Image_0695.png,64.0
Image_0696.png,66.0
Image_0697.png,75.0
Image_0698.png,9.0
Image_0699.png,8.0
Image_0700.png,11.0
Image_0701.png,16.0
Image_0702.png,17.0
Image_0703.png,17.0
Image_0704.png,15.0
Image_0705.png,10.0
Image_0706.png,8.0
Image_0707.png,10.0
Image_0708.png,12.0
Image_0709.png,10.0
Image_0710.png,9.0
Image_0711.png,7.0
Image_0712.png,13.0
Image_0713.png,11.0
Image_0714.png,10.0
Image_0715.png,10.0
Image_0716.png,11.0
Image_0717.png,12.0
Image_0718.png,13.0
Image_0719.png,12.0
Image_0720.png,11.0
Image_0721.png,13.0
Image_0722.png,28.0
Image_0723.png,20.0
Image_0724.png,20.0
Image_0725.png,16.0
Image_0726.png,24.0
Image_0727.png,24.0
Image_0728.png,34.0
Image_0729.png,35.0
Image_0730.png,33.0
Image_0731.png,36.0
Image_0732.png,38.0
Image_0733.png,41.0
Image_0734.png,45.0
Image_0735.png,48.0
Image_0736.png,46.0
Image_0737.png,44.0
Image_0738.png,45.0
Image_0739.png,47.0
Image_0740.png,53.0
Image_0741.png,54.0
Image_0742.png,51.0
Image_0743.png,51.0
Image_0744.png,51.0
Image_0745.png,54.0
Image_0746.png,4.0
Image_0747.png,2.0
Image_0748.png,4.0
Image_0749.png,4.0
Image_0750.png,2.0
Image_0751.png,3.0
Image_0752.png,4.0
Image_0753.png,3.0
Image_0754.png,4.0
Image_0755.png,4.0
Image_0756.png,4.0
Image_0757.png,7.0
Image_0758.png,7.0
Image_0759.png,12.0
Image_0760.png,12.0
Image_0761.png,10.0
Image_0762.png,10.0
Image_0763.png,10.0
Image_0764.png,13.0
Image_0765.png,11.0
Image_0766.png,14.0
Image_0767.png,15.0
Image_0768.png,19.0
Image_0769.png,20.0
Image_0770.png,17.0
Image_0771.png,17.0
Image_0772.png,19.0
Image_0773.png,19.0
Image_0774.png,23.0
Image_0775.png,23.0
Image_0776.png,22.0
Image_0777.png,30.0
Image_0778.png,36.0
Image_0779.png,42.0
Image_0780.png,40.0
Image_0781.png,37.0
Image_0782.png,42.0
Image_0783.png,60.0
Image_0784.png,63.0
Image_0785.png,63.0
Image_0786.png,55.0
Image_0787.png,54.0
Image_0788.png,51.0
Image_0789.png,23.0
Image_0790.png,18.0
Image_0791.png,19.0
Image_0792.png,20.0
Image_0793.png,22.0
Image_0794.png,33.0
Image_0795.png,34.0
Image_0796.png,45.0
Image_0797.png,43.0
Image_0798.png,41.0
Image_0799.png,47.0
Image_0800.png,47.0
Image_0801.png,48.0
Image_0802.png,42.0
Image_0803.png,49.0
Image_0804.png,64.0
Image_0805.png,68.0
Image_0806.png,66.0
Image_0807.png,69.0
Image_0808.png,77.0
Image_0809.png,82.0
Image_0810.png,79.0
Image_0811.png,83.0
Image_0812.png,84.0
Image_0813.png,4.0
Image_0814.png,4.0
Image_0815.png,7.0
Image_0816.png,9.0
Image_0817.png,10.0
Image_0818.png,16.0
Image_0819.png,19.0
Image_0820.png,20.0
Image_0821.png,24.0
Image_0822.png,25.0
Image_0823.png,24.0
Image_0824.png,24.0
Image_0825.png,19.0
Image_0826.png,14.0
Image_0827.png,12.0
Image_0828.png,12.0
Image_0829.png,16.0
Image_0830.png,25.0
Image_0831.png,31.0
Image_0832.png,29.0
Image_0833.png,29.0
Image_0834.png,35.0
Image_0835.png,30.0
Image_0836.png,32.0
Image_0837.png,38.0
Image_0838.png,40.0
Image_0839.png,19.0
Image_0840.png,27.0
Image_0841.png,50.0
Image_0842.png,33.0
Image_0843.png,32.0
Image_0844.png,3.0
Image_0845.png,4.0
Image_0846.png,2.0
Image_0847.png,3.0
Image_0848.png,4.0
Image_0849.png,3.0
Image_0850.png,2.0
Image_0851.png,2.0
Image_0852.png,3.0
Image_0853.png,3.0
Image_0854.png,5.0
Image_0855.png,5.0
Image_0856.png,8.0
Image_0857.png,9.0
Image_0858.png,10.0
Image_0859.png,10.0
Image_0860.png,9.0
Image_0861.png,7.0
Image_0862.png,8.0
Image_0863.png,7.0
Image_0864.png,8.0
Image_0865.png,8.0
Image_0866.png,7.0
Image_0867.png,9.0
Image_0868.png,7.0
Image_0869.png,6.0
Image_0870.png,5.0
Image_0871.png,2.0
Image_0872.png,1.0
Image_0873.png,2.0
Image_0874.png,3.0
Image_0875.png,4.0
Image_0876.png,4.0
Image_0877.png,2.0
Image_0878.png,6.0
Image_0879.png,7.0
Image_0880.png,4.0
Image_0881.png,4.0
Image_0882.png,4.0
Image_0883.png,4.0
Image_0884.png,2.0
Image_0885.png,3.0
Image_0886.png,4.0
Image_0887.png,2.0
Image_0888.png,4.0
Image_0889.png,2.0
Image_0890.png,4.0
Image_0891.png,3.0
Image_0892.png,5.0
Image_0893.png,3.0
Image_0894.png,6.0
Image_0895.png,4.0
Image_0896.png,3.0
Image_0897.png,5.0
Image_0898.png,7.0
Image_0899.png,7.0
Image_0900.png,3.0
Image_0901.png,6.0
Image_0902.png,2.0
Image_0903.png,4.0
Image_0904.png,2.0
Image_0905.png,5.0
Image_0906.png,6.0
Image_0907.png,4.0
Image_0908.png,6.0
Image_0909.png,5.0
Image_0910.png,4.0
Image_0911.png,5.0
Image_0912.png,6.0
Image_0913.png,5.0
Image_0914.png,7.0
Image_0915.png,9.0
Image_0916.png,12.0
Image_0917.png,13.0
Image_0918.png,12.0
Image_0919.png,11.0
Image_0920.png,10.0
Image_0921.png,8.0
Image_0922.png,18.0
Image_0923.png,22.0
Image_0924.png,28.0
Image_0925.png,16.0
Image_0926.png,16.0
Image_0927.png,13.0
Image_0928.png,15.0
Image_0929.png,14.0
Image_0930.png,17.0
Image_0931.png,17.0
Image_0932.png,14.0
Image_0933.png,12.0
Image_0934.png,9.0
Image_0935.png,10.0
Image_0936.png,13.0
Image_0937.png,12.0
Image_0938.png,14.0
Image_0939.png,14.0
Image_0940.png,19.0
Image_0941.png,26.0
Image_0942.png,26.0
Image_0943.png,30.0
Image_0944.png,26.0
Image_0945.png,28.0
Image_0946.png,9.0
Image_0947.png,6.0
Image_0948.png,7.0
Image_0949.png,17.0
Image_0950.png,22.0
Image_0951.png,25.0
Image_0952.png,24.0
Image_0953.png,28.0
Image_0954.png,23.0
Image_0955.png,25.0
Image_0956.png,25.0
Image_0957.png,24.0
Image_0958.png,35.0
Image_0959.png,45.0
Image_0960.png,40.0
Image_0961.png,60.0
Image_0962.png,54.0
Image_0963.png,39.0
Image_0964.png,51.0
Image_0965.png,69.0
Image_0966.png,5.0
Image_0967.png,3.0
Image_0968.png,3.0
Image_0969.png,3.0
Image_0970.png,4.0
Image_0971.png,1.0
Image_0972.png,3.0
Image_0973.png,6.0
Image_0974.png,5.0
Image_0975.png,6.0
Image_0976.png,9.0
Image_0977.png,12.0
Image_0978.png,17.0
Image_0979.png,16.0
Image_0980.png,18.0
Image_0981.png,18.0
Image_0982.png,21.0
Image_0983.png,20.0
Image_0984.png,17.0
Image_0985.png,15.0
Image_0986.png,13.0
Image_0987.png,13.0
Image_0988.png,10.0
Image_0989.png,11.0
Image_0990.png,9.0
Image_0991.png,9.0
Image_0992.png,10.0
Image_0993.png,15.0
Image_0994.png,17.0
Image_0995.png,14.0
Image_0996.png,17.0
Image_0997.png,24.0
Image_0998.png,27.0
Image_0999.png,23.0
Image_1000.png,20.0
Image_1001.png,22.0
Image_1002.png,26.0
Image_1003.png,22.0
Image_1004.png,33.0
Image_1005.png,33.0
Image_1006.png,47.0
Image_1007.png,53.0
Image_1008.png,40.0
Image_1009.png,39.0
Image_1010.png,41.0
Image_1011.png,51.0
Image_1012.png,53.0
Image_1013.png,44.0
Image_1014.png,37.0
Image_1015.png,40.0
Image_1016.png,44.0
Image_1017.png,39.0
Image_1018.png,34.0
Image_1019.png,39.0
Image_1020.png,46.0
Image_1021.png,3.0
Image_1022.png,1.0
Image_1023.png,4.0
Image_1024.png,8.0
Image_1025.png,10.0
Image_1026.png,15.0
Image_1027.png,10.0
Image_1028.png,14.0
Image_1029.png,12.0
Image_1030.png,11.0
Image_1031.png,12.0
Image_1032.png,10.0
Image_1033.png,16.0
Image_1034.png,14.0
Image_1035.png,14.0
Image_1036.png,10.0
Image_1037.png,14.0
Image_1038.png,15.0
Image_1039.png,11.0
Image_1040.png,12.0
Image_1041.png,12.0
Image_1042.png,11.0
Image_1043.png,10.0
Image_1044.png,12.0
Image_1045.png,14.0
Image_1046.png,11.0
Image_1047.png,8.0
Image_1048.png,2.0
Image_1049.png,6.0
Image_1050.png,4.0
Image_1051.png,2.0
Image_1052.png,2.0
Image_1053.png,7.0
Image_1054.png,8.0
Image_1055.png,11.0
Image_1056.png,10.0
Image_1057.png,8.0
Image_1058.png,12.0
Image_1059.png,15.0
Image_1060.png,16.0
Image_1061.png,18.0
Image_1062.png,18.0
Image_1063.png,18.0
Image_1064.png,13.0
Image_1065.png,15.0
Image_1066.png,14.0
Image_1067.png,14.0
Image_1068.png,9.0
Image_1069.png,8.0
Image_1070.png,10.0
Image_1071.png,12.0
Image_1072.png,14.0
Image_1073.png,13.0
Image_1074.png,12.0
Image_1075.png,13.0
Image_1076.png,14.0
Image_1077.png,14.0
Image_1078.png,9.0
Image_1079.png,6.0
Image_1080.png,7.0
Image_1081.png,10.0
Image_1082.png,12.0
Image_1083.png,15.0
Image_1084.png,20.0
Image_1085.png,24.0
Image_1086.png,25.0
Image_1087.png,20.0
Image_1088.png,22.0
Image_1089.png,29.0
Image_1090.png,24.0
Image_1091.png,18.0
Image_1092.png,14.0
Image_1093.png,19.0
Image_1094.png,17.0
Image_1095.png,17.0
Image_1096.png,24.0
Image_1097.png,20.0
Image_1098.png,23.0
Image_1099.png,21.0
Image_1100.png,14.0
Image_1101.png,18.0
Image_1102.png,19.0
Image_1103.png,24.0
Image_1104.png,17.0
Image_1105.png,26.0
Image_1106.png,16.0
Image_1107.png,24.0
Image_1108.png,31.0
Image_1109.png,32.0
Image_1110.png,11.0
Image_1111.png,6.0
Image_1112.png,2.0
Image_1113.png,10.0
Image_1114.png,16.0
Image_1115.png,8.0
Image_1116.png,12.0
Image_1117.png,11.0
Image_1118.png,5.0
Image_1119.png,4.0
Image_1120.png,7.0
Image_1121.png,7.0
Image_1122.png,7.0
Image_1123.png,8.0
Image_1124.png,11.0
Image_1125.png,8.0
Image_1126.png,8.0
Image_1127.png,4.0
Image_1128.png,4.0
Image_1129.png,3.0
Image_1130.png,2.0
Image_1131.png,1.0
Image_1132.png,3.0
Image_1133.png,2.0
Image_1134.png,4.0
Image_1135.png,4.0
Image_1136.png,4.0
Image_1137.png,4.0
Image_1138.png,2.0
Image_1139.png,5.0
Image_1140.png,6.0
Image_1141.png,8.0
Image_1142.png,12.0
Image_1143.png,20.0
Image_1144.png,26.0
Image_1145.png,32.0
Image_1146.png,35.0
Image_1147.png,44.0
Image_1148.png,25.0
Image_1149.png,20.0
Image_1150.png,12.0
Image_1151.png,16.0
Image_1152.png,12.0
Image_1153.png,12.0
Image_1154.png,10.0
Image_1155.png,12.0
Image_1156.png,18.0
Image_1157.png,23.0
Image_1158.png,21.0
Image_1159.png,25.0
Image_1160.png,32.0
Image_1161.png,31.0
Image_1162.png,36.0
Image_1163.png,38.0
Image_1164.png,42.0
Image_1165.png,1.0
Image_1166.png,3.0
Image_1167.png,1.0
Image_1168.png,3.0
Image_1169.png,2.0
Image_1170.png,4.0
Image_1171.png,2.0
Image_1172.png,3.0
Image_1173.png,3.0
Image_1174.png,5.0
Image_1175.png,8.0
Image_1176.png,7.0
Image_1177.png,8.0
Image_1178.png,7.0
Image_1179.png,10.0
Image_1180.png,11.0
Image_1181.png,9.0
Image_1182.png,9.0
Image_1183.png,10.0
Image_1184.png,8.0
Image_1185.png,8.0
Image_1186.png,11.0
Image_1187.png,8.0
Image_1188.png,4.0
Image_1189.png,6.0
Image_1190.png,6.0
Image_1191.png,6.0
Image_1192.png,6.0
Image_1193.png,7.0
Image_1194.png,11.0
Image_1195.png,11.0
Image_1196.png,13.0
Image_1197.png,14.0
Image_1198.png,21.0
Image_1199.png,14.0
Image_1200.png,18.0
Image_1201.png,24.0
Image_1202.png,15.0
Image_1203.png,1.0
Image_1204.png,1.0
Image_1205.png,2.0
Image_1206.png,7.0
Image_1207.png,6.0
Image_1208.png,9.0
Image_1209.png,18.0
Image_1210.png,19.0
Image_1211.png,39.0
Image_1212.png,63.0
Image_1213.png,61.0
Image_1214.png,71.0
Image_1215.png,70.0
Image_1216.png,66.0
Image_1217.png,69.0
Image_1218.png,15.0
Image_1219.png,18.0
Image_1220.png,21.0
Image_1221.png,31.0
Image_1222.png,39.0
Image_1223.png,34.0
Image_1224.png,31.0
Image_1225.png,36.0
Image_1226.png,40.0
Image_1227.png,33.0
Image_1228.png,29.0
Image_1229.png,26.0
Image_1230.png,10.0
Image_1231.png,8.0
Image_1232.png,15.0
Image_1233.png,14.0
Image_1234.png,15.0
Image_1235.png,13.0
Image_1236.png,8.0
Image_1237.png,19.0
Image_1238.png,13.0
Image_1239.png,7.0
Image_1240.png,19.0
Image_1241.png,23.0
Image_1242.png,47.0
Image_1243.png,52.0
Image_1244.png,50.0
Image_1245.png,56.0
Image_1246.png,66.0
Image_1247.png,70.0
Image_1248.png,73.0
Image_1249.png,69.0
Image_1250.png,72.0
Image_1251.png,79.0
Image_1252.png,77.0
Image_1253.png,80.0
Image_1254.png,83.0
Image_1255.png,26.0
Image_1256.png,29.0
Image_1257.png,31.0
Image_1258.png,42.0
Image_1259.png,34.0
Image_1260.png,29.0
Image_1261.png,33.0
Image_1262.png,47.0
Image_1263.png,51.0
Image_1264.png,44.0
Image_1265.png,36.0
Image_1266.png,23.0
Image_1267.png,25.0
Image_1268.png,28.0
Image_1269.png,28.0
Image_1270.png,33.0
Image_1271.png,41.0
Image_1272.png,23.0
Image_1273.png,23.0
Image_1274.png,33.0
Image_1275.png,41.0
Image_1276.png,47.0
Image_1277.png,31.0
Image_1278.png,25.0
Image_1279.png,25.0
Image_1280.png,65.0
Image_1281.png,74.0
Image_1282.png,71.0
Image_1283.png,65.0
Image_1284.png,62.0
Image_1285.png,58.0
Image_1286.png,15.0
Image_1287.png,15.0
Image_1288.png,24.0
Image_1289.png,29.0
Image_1290.png,44.0
Image_1291.png,50.0
Image_1292.png,55.0
Image_1293.png,55.0
Image_1294.png,58.0
Image_1295.png,48.0
Image_1296.png,43.0
Image_1297.png,47.0
Image_1298.png,54.0
Image_1299.png,54.0
Image_1300.png,49.0
